Workbook

Sheet BASIS
B1: Unidad
A2: Índice de refracción MMA
A3: Índice de refracción Acrilato
A4: Densidad MMA 25°C | B4: g/ml
A5: Densidad Acrilato 25°C | B5: g/ml
A6: A | B6: Acrilato
A7: B | B7: MMA
A8: M_A | B8: 128.17
A9: M_B | B9: 100.13

Sheet COLLECTING
A1: MASS_1 | B1: MASS_2 | C1: MASS_M | D1: Density_1 | E1: Density_2
A2: 4.625 | B2: 4.6 | C2: =A2/2+B2/2 -> 4.6125 | D2: =A2/5 -> 0.925 | E2: =B2/5 -> 0.92
A3: 4.592 | B3: 4.549 | C3: =A3/2+B3/2 -> 4.5705 | D3: =A3/5 -> 0.9184 | E3: =B3/5 -> 0.9098
A4: 4.554 | B4: 4.579 | C4: =A4/2+B4/2 -> 4.5665 | D4: =A4/5 -> 0.9108 | E4: =B4/5 -> 0.9158
A5: 4.514 | B5: 4.518 | C5: =A5/2+B5/2 -> 4.516 | D5: =A5/5 -> 0.9028 | E5: =B5/5 -> 0.9036
A6: 4.432 | B6: 4.44 | C6: =A6/2+B6/2 -> 4.436 | D6: =A6/5 -> 0.8864 | E6: =B6/5 -> 0.888
A7: 4.435 | B7: 4.438 | C7: =A7/2+B7/2 -> 4.4365 | D7: =A7/5 -> 0.887 | E7: =B7/5 -> 0.8876
A8: 4.408 | B8: 4.399 | C8: =A8/2+B8/2 -> 4.4035 | D8: =A8/5 -> 0.8816 | E8: =B8/5 -> 0.8798
A9: 4.375 | B9: 4.395 | C9: =A9/2+B9/2 -> 4.385 | D9: =A9/5 -> 0.875 | E9: =B9/5 -> 0.879
A10: 4.349 | B10: 4.393 | C10: =A10/2+B10/2 -> 4.371 | D10: =A10/5 -> 0.8698 | E10: =B10/5 -> 0.8786

Sheet DATA
A1: MUESTRA | B1: DENSIDAD_1 | C1: DENSIDAD_2 | D1: DENSIDAD_M | E1: W_B | F1: W_A | G1: MOL-A | H1: MOL-B | I1: N_A | J1: N_B | K1: IR_1 | L1: IR_2 | M1: IR_M
A2: 0 | B2: 0.933 | C2: 0.933 | D2: =AVERAGE(B2,C2) -> 0.933 | E2: 100.13 | F2: 0 | G2: 0 | H2: 1 | I2: 0 | J2: 1 | K2: 1.4105 | L2: 1.411 | M2: =AVERAGE(K2,L2) -> 1.41075
A3: 1 | B3: 0.925 | C3: 0.92 | D3: =AVERAGE(B3,C3) -> 0.9225 | E3: 4.237 | F3: 29.354 | G3: =E3/128.17 -> 0.033057658 | H3: =F3/100.13 -> 0.29315889 | I3: =G3/(G3+H3) -> 0.10133654 | J3: =H3/(G3+H3) -> 0.89866346 | K3: 1.411 | L3: 1.4105 | M3: =AVERAGE(K3,L3) -> 1.41075
A4: 2 | B4: 0.9184 | C4: 0.9098 | D4: =AVERAGE(B4,C4) -> 0.9141 | E4: 8.254 | F4: 25.748 | G4: =E4/128.17 -> 0.064398845 | H4: =F4/100.13 -> 0.25714571 | I4: =G4/(G4+H4) -> 0.20027969 | J4: =H4/(G4+H4) -> 0.79972031 | K4: 1.411 | L4: 1.4115 | M4: =AVERAGE(K4,L4) -> 1.41125
A5: 3 | B5: 0.9108 | C5: 0.9158 | D5: =AVERAGE(B5,C5) -> 0.9133 | E5: 5.993 | F5: 10.855 | G5: =E5/128.17 -> 0.046758212 | H5: =F5/100.13 -> 0.10840907 | I5: =G5/(G5+H5) -> 0.30134067 | J5: =H5/(G5+H5) -> 0.69865933 | K5: 1.4115 | L5: 1.4115 | M5: =AVERAGE(K5,L5) -> 1.4115
A6: 4 | B6: 0.9028 | C6: 0.9036 | D6: =AVERAGE(B6,C6) -> 0.9032 | E6: 11.592 | F6: 13.477 | G6: =E6/128.17 -> 0.090442381 | H6: =F6/100.13 -> 0.13459503 | I6: =G6/(G6+H6) -> 0.40189932 | J6: =H6/(G6+H6) -> 0.59810068 | K6: 1.412 | L6: 1.412 | M6: =AVERAGE(K6,L6) -> 1.412
A7: 5 | B7: 0.8864 | C7: 0.888 | D7: =AVERAGE(B7,C7) -> 0.8872 | E7: 8.848 | F7: 7.309 | G7: =E7/128.17 -> 0.069033315 | H7: =F7/100.13 -> 0.072995106 | I7: =G7/(G7+H7) -> 0.48605282 | J7: =H7/(G7+H7) -> 0.51394718 | K7: 1.4125 | L7: 1.4125 | M7: =AVERAGE(K7,L7) -> 1.4125
A8: 6 | B8: 0.887 | C8: 0.8876 | D8: =AVERAGE(B8,C8) -> 0.8873 | E8: 13.794 | F8: 7.336 | G8: =E8/128.17 -> 0.10762269 | H8: =F8/100.13 -> 0.073264756 | I8: =G8/(G8+H8) -> 0.59497047 | J8: =H8/(G8+H8) -> 0.40502953 | K8: 1.413 | L8: 1.413 | M8: =AVERAGE(K8,L8) -> 1.413
A9: 7 | B9: 0.8816 | C9: 0.8799 | D9: =AVERAGE(B9,C9) -> 0.88075 | E9: 12.071 | F9: 4.329 | G9: =E9/128.17 -> 0.094179605 | H9: =F9/100.13 -> 0.043233796 | I9: =G9/(G9+H9) -> 0.68537424 | J9: =H9/(G9+H9) -> 0.31462576 | K9: 1.413 | L9: 1.413 | M9: =AVERAGE(K9,L9) -> 1.413
A10: 8 | B10: 0.875 | C10: 0.879 | D10: =AVERAGE(B10,C10) -> 0.877 | E10: 9.005 | F10: 1.771 | G10: =E10/128.17 -> 0.070258251 | H10: =F10/100.13 -> 0.017687007 | I10: =G10/(G10+H10) -> 0.79888618 | J10: =H10/(G10+H10) -> 0.20111382 | K10: 1.4135 | L10: 1.4135 | M10: =AVERAGE(K10,L10) -> 1.4135
A11: 9 | B11: 0.8802 | C11: 0.8785 | D11: =AVERAGE(B11,C11) -> 0.87935 | E11: 15.292 | F11: 1.227 | G11: =E11/128.17 -> 0.11931029 | H11: =F11/100.13 -> 0.01225407 | I11: =G11/(G11+H11) -> 0.90685874 | J11: =H11/(G11+H11) -> 0.093141255 | K11: 1.414 | L11: 1.414 | M11: =AVERAGE(K11,L11) -> 1.414
A12: 10 | B12: 0.8698 | C12: 0.8716 | D12: =AVERAGE(B12,C12) -> 0.8707 | E12: 0 | F12: 128.17 | G12: 1 | H12: 0 | I12: 1 | J12: 0 | K12: 1.414 | L12: 1.4145 | M12: =AVERAGE(K12,L12) -> 1.41425

Sheet PROCESSING
A1: n_D | B1: D-xn_D | C1: δn_D | D1: x_A-M_A | E1: x_B-M_B
A2: {=DATA!M2:M12} -> 1.41075 | B2: =DATA!J2*DATA!M2 -> 1.41075 | C2: =A2-B2 -> 0 | D2: -- | E2: --
A3: 1.41075 | B3: =DATA!I3*DATA!$M$12+DATA!J3*DATA!$M$2 -> 1.4111047 | C3: =A3-B3 -> -0.0003546779 | D3: =DATA!G3*BASIS!$B$8 -> 4.237 | E3: =DATA!H3*BASIS!$B$9 -> 29.354
A4: 1.41125 | B4: =DATA!I4*DATA!$M$12+DATA!J4*DATA!$M$2 -> 1.411451 | C4: =A4-B4 -> -0.00020097893 | D4: =DATA!G4*BASIS!$B$8 -> 8.254 | E4: =DATA!H4*BASIS!$B$9 -> 25.748
A5: 1.4115 | B5: =DATA!I5*DATA!$M$12+DATA!J5*DATA!$M$2 -> 1.4118047 | C5: =A5-B5 -> -0.00030469234 | D5: =DATA!G5*BASIS!$B$8 -> 5.993 | E5: =DATA!H5*BASIS!$B$9 -> 10.855
A6: 1.412 | B6: =DATA!I6*DATA!$M$12+DATA!J6*DATA!$M$2 -> 1.4121566 | C6: =A6-B6 -> -0.00015664762 | D6: =DATA!G6*BASIS!$B$8 -> 11.592 | E6: =DATA!H6*BASIS!$B$9 -> 13.477
A7: 1.4125 | B7: =DATA!I7*DATA!$M$12+DATA!J7*DATA!$M$2 -> 1.4124512 | C7: =A7-B7 -> 4.8815122e-05 | D7: =DATA!G7*BASIS!$B$8 -> 8.848 | E7: =DATA!H7*BASIS!$B$9 -> 7.309
A8: 1.413 | B8: =DATA!I8*DATA!$M$12+DATA!J8*DATA!$M$2 -> 1.4128324 | C8: =A8-B8 -> 0.00016760334 | D8: =DATA!G8*BASIS!$B$8 -> 13.794 | E8: =DATA!H8*BASIS!$B$9 -> 7.336
A9: 1.413 | B9: =DATA!I9*DATA!$M$12+DATA!J9*DATA!$M$2 -> 1.4131488 | C9: =A9-B9 -> -0.00014880983 | D9: =DATA!G9*BASIS!$B$8 -> 12.071 | E9: =DATA!H9*BASIS!$B$9 -> 4.329
A10: 1.4135 | B10: =DATA!I10*DATA!$M$12+DATA!J10*DATA!$M$2 -> 1.4135461 | C10: =A10-B10 -> -4.6101623e-05 | D10: =DATA!G10*BASIS!$B$8 -> 9.005 | E10: =DATA!H10*BASIS!$B$9 -> 1.771
A11: 1.414 | B11: =DATA!I11*DATA!$M$12+DATA!J11*DATA!$M$2 -> 1.413924 | C11: =A11-B11 -> 7.5994394e-05 | D11: =DATA!G11*BASIS!$B$8 -> 15.292 | E11: =DATA!H11*BASIS!$B$9 -> 1.227
A12: 1.41425 | B12: =DATA!I12*DATA!M12 -> 1.41425 | C12: =A12-B12 -> 0 | D12: -- | E12: --
